{"loss": [1.536653325253842], "mae": [2.138524890530343], "mean_q": [-1.4226313027023685], "episode_reward": [-346.769664999318], "nb_episode_steps": [82], "nb_steps": [82], "episode": [0], "duration": [2.9739252500000077]}