{"loss": [2.4736400388054927, 29.968908309936523, 26.604270935058594], "mae": [1.496904054940757, 4.055271148681641, 4.444234848022461], "mean_q": [-0.7886401516053889, -1.6184793710708618, 1.6030322313308716], "episode_reward": [-346.0814368786687, -170.61574811225321, -270.36113267246094], "nb_episode_steps": [90, 309, 105], "nb_steps": [90, 399, 504], "episode": [0, 1, 2], "duration": [2.268494224001188, 2.0053850389958825, 0.688456825002504]}